{
    "neuronas_entrada": 2,
    "neuronas_salida": 1,
    "capas_ocultas": 5,
    "neuronas_por_capa": [
        6,
        6,
        6,
        6,
        6
    ],
    "neuronas_en_total": 33,
    "pesos": [
        [
            [
                -0.037267492445994865,
                3.1483687857412472,
                -2.983709186765406,
                -0.21770090403385947,
                4.336797917203085,
                -3.205655084425633
            ],
            [
                -3.4967789348716978,
                -6.232349386623951,
                -2.0805851926117698,
                4.2185520700842325,
                -2.6808036220241216,
                -3.7855228351269865
            ]
        ],
        [
            [
                1.2470334492274253,
                0.1029003451200276,
                -0.44715006250597183,
                1.7934627309460638,
                -0.45357011096491695,
                1.3073609797222414
            ],
            [
                -1.5160745306550907,
                -2.572192537741667,
                -0.2904702323558271,
                0.7488623360269167,
                2.4766106677052298,
                -1.9997668798360437
            ],
            [
                2.200235399509705,
                -0.8367352578675491,
                0.5430607872409042,
                1.745298706505771,
                -2.7436324181202965,
                -0.47903298643176323
            ],
            [
                -0.30878221003572565,
                0.8671090975168239,
                -0.5189894923086894,
                -0.6688709782427771,
                -1.2067427597228724,
                2.120416577747167
            ],
            [
                1.4704380505192995,
                3.376510259633079,
                -1.9543711639217303,
                2.0502686435333044,
                0.36782843612412,
                0.210854755138279
            ],
            [
                1.2959622149134074,
                -1.8491787777966056,
                2.4427822052051296,
                -0.6858283593300514,
                -0.8956941118339568,
                -2.1410917956624695
            ]
        ],
        [
            [
                1.2743987125988379,
                -0.6827345408988192,
                -0.1947643111965309,
                1.3850138849514584,
                -0.2824329646567634,
                0.9771542804993604
            ],
            [
                0.32150291634227735,
                1.1959251398492377,
                2.126688750631783,
                1.3509111074074378,
                -1.692297025350332,
                -0.10551977774650714
            ],
            [
                0.3729185011845285,
                -2.2181414370444643,
                -2.19684081778516,
                -0.2637486498586961,
                0.48762295239991604,
                -0.6102548781112838
            ],
            [
                2.067129616415499,
                0.5127258513648865,
                0.07535047113673853,
                0.4319934663847239,
                -0.821261294774979,
                1.739646357278049
            ],
            [
                -2.085161232208473,
                -1.327474336554919,
                0.4386157601672889,
                -1.1164117202563664,
                -0.8441801399272535,
                0.8437262112207238
            ],
            [
                -1.1479656793255675,
                -0.2877262454716223,
                -0.6153499497628239,
                -0.0808204018568759,
                -2.091854581081029,
                0.1309875851159216
            ]
        ],
        [
            [
                2.6624302248175282,
                0.6016303225727342,
                -1.2423245154444165,
                0.4529781060525656,
                0.5536382553140181,
                0.8059300093609539
            ],
            [
                1.2144825386903781,
                -0.753980320684643,
                -1.5086173014565827,
                -1.6195245115037074,
                0.04745579944686531,
                -0.4703725479170359
            ],
            [
                -1.8719245260540145,
                -0.3651720333278047,
                -1.0964107695691647,
                1.1668824046862338,
                -0.05559608159909819,
                -0.15789754290796787
            ],
            [
                0.6883323077286976,
                0.04652478029894746,
                -1.894296789117955,
                0.25401335593471086,
                0.5986379062435381,
                1.2176423173734163
            ],
            [
                -0.33467311469561656,
                1.582183137073848,
                -0.2473310160416622,
                -1.1761069737086187,
                -1.3151187512121885,
                0.16017377113415873
            ],
            [
                -0.41981476584878735,
                -0.035651890819569876,
                -0.11068795215416127,
                1.1691694515547677,
                0.1748914581382606,
                -0.7909813614973388
            ]
        ],
        [
            [
                1.0710512147353202,
                -0.3290542174351754,
                -0.6497854750783858,
                -0.3360217882552593,
                0.5199257135466394,
                3.3870470690164485
            ],
            [
                0.2722626568376288,
                0.7728091891825146,
                -0.7360832368388799,
                0.6353914386362768,
                -0.7227199785393262,
                -0.858897293789731
            ],
            [
                -1.2479999583489951,
                0.2669943079193518,
                -0.5667074383713564,
                -0.288544528645502,
                -1.6286628046328664,
                -1.0824215960050476
            ],
            [
                -0.25704968049170096,
                -1.5526130857402691,
                1.5318656488736242,
                -0.8741344609052861,
                -0.9528353598955055,
                -0.7490641851077208
            ],
            [
                0.9202220750342748,
                -0.5258748760539712,
                -0.9462092671603339,
                -0.5524423327267249,
                0.43138296502213674,
                -1.7992479899535618
            ],
            [
                0.6172149112648487,
                -1.2451033484306897,
                -0.3254199040408604,
                2.2754225946249695,
                0.6019196015139198,
                -1.2383340443993514
            ]
        ],
        [
            [
                -2.777577024094706
            ],
            [
                0.5737730497617696
            ],
            [
                -1.8931070567716946
            ],
            [
                1.2188293475004766
            ],
            [
                -1.3137563177940332
            ],
            [
                -0.587587149005853
            ]
        ]
    ],